id,category,title,url,type,entryId,createdAt,updatedAt,textLength,imageCount,viewCount,commentCount
638508,01_公告资讯,《伊瑟》2024.10.24原质测试招募开启！,https://www.gamekee.com/yise/638508.html,2,0,2024-10-11T06:52:07.000Z,2024-10-11T06:52:28.000Z,467,6,4057,0
678558,01_公告资讯,《伊瑟》公平运营公告,https://www.gamekee.com/yise/678558.html,2,0,2025-09-29T08:29:38.000Z,2025-09-29T08:29:38.000Z,220,7,4314,0
675334,01_公告资讯,《伊瑟》国服即将上线，智壳本：烈焰者赫妍攻略,https://www.gamekee.com/yise/675334.html,4,0,2025-08-27T06:48:51.000Z,2025-08-27T06:48:51.000Z,0,7,591,0
678554,01_公告资讯,《伊瑟》荣获全球多地区AppStore上线推荐！,https://www.gamekee.com/yise/678554.html,2,0,2025-09-29T08:13:08.000Z,2025-09-29T08:13:08.000Z,109,7,3304,0
678555,01_公告资讯,《伊瑟》x 支付宝联动皮肤现已上线,https://www.gamekee.com/yise/678555.html,2,0,2025-09-29T08:19:26.000Z,2025-09-29T08:19:26.000Z,117,7,4726,0
675322,01_公告资讯,「升格测试」预下载现已开启，下载即可在8月28日开玩！,https://www.gamekee.com/yise/675322.html,2,193577,2025-08-27T05:53:15.000Z,2025-10-11T03:17:51.000Z,1121,21,8091,0
665358,01_公告资讯,【伊瑟】国际服游戏安装教学,https://www.gamekee.com/yise/665358.html,4,188956,2025-06-06T03:28:02.000Z,2025-06-09T02:58:15.000Z,1568,23,18393,8
619783,01_公告资讯,【异格测试】前瞻特别节目4月20日19:00播出（原贴抽测试资格）,https://www.gamekee.com/yise/619783.html,2,0,2024-04-12T04:54:01.000Z,2024-04-12T04:54:27.000Z,535,7,3085,0
645027,01_公告资讯,2025.1.9「融合测试」预下载现已开启！,https://www.gamekee.com/yise/645027.html,2,0,2025-01-08T10:43:14.000Z,2025-01-08T10:43:36.000Z,1156,7,6683,0
639256,01_公告资讯,都市异能策略回合制RPG《伊瑟》「原质测试」开启释出制作团队专访分享设计理念,https://www.gamekee.com/yise/639256.html,8,0,2024-10-24T07:23:36.000Z,2024-10-24T07:23:36.000Z,3485,20,6559,0
620773,02_活动卡池,《伊瑟》迎来二次测试，「异格测试」现已正式启动,https://www.gamekee.com/yise/620773.html,8,0,2024-04-24T03:17:45.000Z,2024-04-24T03:17:45.000Z,1920,13,4784,0
620774,02_活动卡池,《伊瑟》迎来二次测试，「异格测试」现已正式启动,https://www.gamekee.com/yise/620774.html,2,0,2024-04-24T03:20:12.000Z,2024-04-24T03:20:12.000Z,1920,13,6514,0
684596,02_活动卡池,《伊瑟》SS2赛季战斗平衡性调整--解读【只说重点】,https://www.gamekee.com/yise/684596.html,4,0,2025-12-03T05:12:49.000Z,2025-12-03T05:12:49.000Z,2177,21,1653,0
681258,02_活动卡池,「祈灵绽放盛典」限时活动开启,https://www.gamekee.com/yise/681258.html,4,0,2025-10-27T07:14:31.000Z,2025-10-27T07:14:31.000Z,178,7,1467,0
685023,02_活动卡池,【伊瑟】桑提克 “音浪暴君”的配装搭配思路&建议^_^,https://www.gamekee.com/yise/685023.html,4,0,2025-12-08T09:52:40.000Z,2025-12-08T10:08:51.000Z,1491,17,1886,0
678427,02_活动卡池,滴滴滴~一份萌新入坑伊瑟之【福利合集指南】,https://www.gamekee.com/yise/678427.html,4,195862,2025-09-27T08:21:22.000Z,2025-11-18T07:38:55.000Z,2776,41,7762,0
676376,02_活动卡池,国服氪金性价比,https://www.gamekee.com/yise/676376.html,4,0,2025-09-06T03:50:42.000Z,2025-09-27T02:12:20.000Z,53,12,1759,1
618493,02_活动卡池,近未来虚拟都市题材的策略卡牌RPG，10.24「原质测试」开始,https://www.gamekee.com/yise/618493.html,19,0,2024-03-27T07:59:10.000Z,2024-10-23T07:27:31.000Z,446,8,4608,0
675977,02_活动卡池,卡池规划 & 队伍构成 | 从零开始成为伊瑟糕手的养成指南P1,https://www.gamekee.com/yise/675977.html,4,0,2025-09-02T07:29:54.000Z,2025-09-02T07:33:43.000Z,176,10,988,1
678425,02_活动卡池,伊瑟游玩技巧小贴士③,https://www.gamekee.com/yise/678425.html,4,195860,2025-09-27T08:07:38.000Z,2025-10-11T03:11:47.000Z,1403,22,4705,1
665638,02_活动卡池,有没有福利码,https://www.gamekee.com/yise/665638.html,17,0,2025-06-08T16:10:29.000Z,2025-06-08T16:10:29.000Z,6,7,796,0
665637,02_活动卡池,有没有福利码,https://www.gamekee.com/yise/665637.html,17,0,2025-06-08T16:10:25.000Z,2025-06-08T16:10:25.000Z,6,7,777,0
675423,03_图鉴词条,《伊瑟》全角色技能加点,https://www.gamekee.com/yise/675423.html,4,0,2025-08-28T02:40:03.000Z,2025-08-28T02:40:03.000Z,4628,39,9283,2
620218,03_图鉴词条,41号,https://www.gamekee.com/yise/620218.html,4,147868,2024-04-18T08:38:49.000Z,2025-08-18T07:38:55.000Z,2715,29,5798,0
620301,03_图鉴词条,阿灰,https://www.gamekee.com/yise/620301.html,4,147945,2024-04-18T10:24:49.000Z,2025-08-18T07:36:23.000Z,2753,29,5440,0
620300,03_图鉴词条,阿凛,https://www.gamekee.com/yise/620300.html,4,147944,2024-04-18T10:20:49.000Z,2025-08-25T04:58:31.000Z,2751,52,8341,0
698203,03_图鉴词条,艾罗安,https://www.gamekee.com/yise/698203.html,4,211086,2026-03-18T12:01:17.000Z,2026-03-18T12:01:17.000Z,2887,83,1662,0
620276,03_图鉴词条,安德鲁,https://www.gamekee.com/yise/620276.html,4,147921,2024-04-18T09:20:49.000Z,2024-04-18T09:20:49.000Z,0,7,1603,0
620278,03_图鉴词条,安德鲁_坚盾,https://www.gamekee.com/yise/620278.html,4,147922,2024-04-18T09:24:49.000Z,2025-08-18T07:38:36.000Z,2758,29,4869,0
639297,03_图鉴词条,安德鲁_突击,https://www.gamekee.com/yise/639297.html,4,168418,2024-10-25T03:50:49.000Z,2025-08-18T07:38:15.000Z,2760,28,4952,1
620275,03_图鉴词条,奥波尔,https://www.gamekee.com/yise/620275.html,4,147920,2024-04-18T09:16:49.000Z,2025-08-18T07:41:01.000Z,2794,52,10152,0
698206,03_图鉴词条,奥萨尔,https://www.gamekee.com/yise/698206.html,4,211085,2026-03-18T12:27:49.000Z,2026-03-18T12:27:49.000Z,2814,83,1844,0
639316,03_图鉴词条,白疾风,https://www.gamekee.com/yise/639316.html,4,168423,2024-10-25T06:42:11.000Z,2025-05-12T13:22:57.000Z,299,19,3754,0
639292,03_图鉴词条,白獠武者,https://www.gamekee.com/yise/639292.html,4,168428,2024-10-25T03:22:48.000Z,2025-08-17T07:29:10.000Z,593,40,5832,0
677047,03_图鉴词条,宝剑七,https://www.gamekee.com/yise/677047.html,4,194526,2025-09-12T05:20:11.000Z,2025-09-12T05:20:11.000Z,542,39,5192,0
660948,03_图鉴词条,暴烈利刃,https://www.gamekee.com/yise/660948.html,4,185741,2025-05-12T13:37:27.000Z,2025-05-12T13:37:27.000Z,129,12,4789,0
639295,03_图鉴词条,暴雪,https://www.gamekee.com/yise/639295.html,4,168430,2024-10-25T03:35:00.000Z,2025-05-12T12:35:06.000Z,379,18,4596,0
675259,03_图鉴词条,贝兹比,https://www.gamekee.com/yise/675259.html,4,193564,2025-08-26T10:39:41.000Z,2025-10-26T05:36:16.000Z,5605,81,6305,2
639263,03_图鉴词条,彼安汀,https://www.gamekee.com/yise/639263.html,4,168370,2024-10-24T09:18:23.000Z,2025-08-18T08:49:36.000Z,2803,76,9888,0
677008,03_图鉴词条,兵祸地狱难度,https://www.gamekee.com/yise/677008.html,4,0,2025-09-12T03:02:40.000Z,2025-09-13T13:30:49.000Z,1645,51,1421,0
645481,03_图鉴词条,伯爵,https://www.gamekee.com/yise/645481.html,4,173806,2025-01-15T11:34:36.000Z,2025-05-12T12:22:35.000Z,549,39,5579,0
693377,03_图鉴词条,伯诺瓦,https://www.gamekee.com/yise/693377.html,4,205034,2026-02-11T13:44:00.000Z,2026-02-11T14:13:57.000Z,2688,75,2368,0
660872,03_图鉴词条,博尔涅,https://www.gamekee.com/yise/660872.html,4,185720,2025-05-12T06:00:08.000Z,2025-08-18T08:52:15.000Z,2818,74,8171,1
620745,03_图鉴词条,不羁科学,https://www.gamekee.com/yise/620745.html,4,148329,2024-04-24T02:23:00.000Z,2025-05-12T13:22:03.000Z,269,18,4020,0
639285,03_图鉴词条,超新星,https://www.gamekee.com/yise/639285.html,4,168427,2024-10-25T02:54:13.000Z,2025-05-12T12:25:25.000Z,570,39,5511,0
620806,03_图鉴词条,乘势追击,https://www.gamekee.com/yise/620806.html,4,148379,2024-04-24T06:13:24.000Z,2025-05-12T13:27:47.000Z,172,15,5412,0
620792,03_图鉴词条,乘势追击,https://www.gamekee.com/yise/620792.html,4,148379,2024-04-24T06:09:32.000Z,2024-04-24T06:20:45.000Z,0,6,284,0
639314,03_图鉴词条,赤色彗星,https://www.gamekee.com/yise/639314.html,4,168425,2024-10-25T06:14:40.000Z,2025-05-12T13:24:37.000Z,230,11,3770,0
639286,03_图鉴词条,黛纳,https://www.gamekee.com/yise/639286.html,4,168414,2024-10-25T03:00:20.000Z,2025-08-18T08:39:23.000Z,2810,51,7229,0
645482,03_图鉴词条,灯塔,https://www.gamekee.com/yise/645482.html,4,173807,2025-01-15T12:02:17.000Z,2025-08-19T03:53:30.000Z,535,40,5447,0
620296,03_图鉴词条,谛听,https://www.gamekee.com/yise/620296.html,4,147941,2024-04-18T10:12:49.000Z,2025-08-18T07:41:56.000Z,2743,52,10734,0
639313,03_图鉴词条,电音鱿鱿,https://www.gamekee.com/yise/639313.html,4,168436,2024-10-25T06:11:51.000Z,2025-05-12T13:20:55.000Z,357,18,3742,0
619856,03_图鉴词条,洞悉穿刺,https://www.gamekee.com/yise/619856.html,4,147549,2024-04-12T10:09:09.000Z,2025-05-12T13:29:11.000Z,169,14,6041,0
620282,03_图鉴词条,杜兰铎,https://www.gamekee.com/yise/620282.html,4,147926,2024-04-18T09:38:49.000Z,2025-08-25T05:04:07.000Z,2669,52,6301,0
620273,03_图鉴词条,多乐丝,https://www.gamekee.com/yise/620273.html,4,147918,2024-04-18T09:12:49.000Z,2025-08-25T04:59:07.000Z,2695,52,9158,0
639249,03_图鉴词条,多琪,https://www.gamekee.com/yise/639249.html,4,168366,2024-10-24T06:44:05.000Z,2025-08-18T08:49:52.000Z,2861,76,9819,0
693386,03_图鉴词条,厄鸦,https://www.gamekee.com/yise/693386.html,4,205039,2026-02-11T15:29:52.000Z,2026-02-11T15:29:52.000Z,582,39,1689,0
639299,03_图鉴词条,恶命,https://www.gamekee.com/yise/639299.html,4,168419,2024-10-25T03:59:34.000Z,2025-08-18T07:36:46.000Z,2790,28,7957,0
620280,03_图鉴词条,恶命,https://www.gamekee.com/yise/620280.html,4,147924,2024-04-18T09:30:49.000Z,2024-04-18T09:30:49.000Z,0,7,1527,0
620281,03_图鉴词条,方格斯,https://www.gamekee.com/yise/620281.html,4,147925,2024-04-18T09:34:49.000Z,2025-08-18T07:40:12.000Z,2716,52,9823,0
677335,03_图鉴词条,绯月鞠,https://www.gamekee.com/yise/677335.html,4,194648,2025-09-15T04:43:55.000Z,2025-09-15T04:43:55.000Z,3026,50,5146,0
689795,03_图鉴词条,斐莫莉安,https://www.gamekee.com/yise/689795.html,4,203201,2026-01-14T11:32:12.000Z,2026-01-14T11:36:09.000Z,2870,75,3313,0
620793,03_图鉴词条,奋进,https://www.gamekee.com/yise/620793.html,4,148369,2024-04-24T06:09:50.000Z,2025-05-12T13:53:57.000Z,171,13,4728,0
620302,03_图鉴词条,风见一宵,https://www.gamekee.com/yise/620302.html,4,147946,2024-04-18T10:28:49.000Z,2025-08-25T04:59:47.000Z,2690,52,6278,0
660858,03_图鉴词条,芙蕾雅,https://www.gamekee.com/yise/660858.html,4,185716,2025-05-12T03:42:42.000Z,2025-08-18T08:55:05.000Z,2962,74,20603,5
674565,03_图鉴词条,拂秋,https://www.gamekee.com/yise/674565.html,4,193384,2025-08-18T07:08:56.000Z,2025-08-26T10:04:47.000Z,3152,75,8392,2
620284,03_图鉴词条,格雷,https://www.gamekee.com/yise/620284.html,4,147928,2024-04-18T09:44:49.000Z,2025-08-18T07:41:18.000Z,2691,53,9405,1
620794,03_图鉴词条,攻势,https://www.gamekee.com/yise/620794.html,4,148370,2024-04-24T06:10:02.000Z,2025-05-12T13:59:27.000Z,165,15,4612,0
620747,03_图鉴词条,怪盗喵,https://www.gamekee.com/yise/620747.html,4,148331,2024-04-24T02:27:16.000Z,2025-05-12T13:25:05.000Z,229,12,4226,0
693383,03_图鉴词条,冠军巨鳄,https://www.gamekee.com/yise/693383.html,4,205037,2026-02-11T14:50:48.000Z,2026-02-11T15:07:14.000Z,585,39,1966,0
682953,03_图鉴词条,光狩谛听,https://www.gamekee.com/yise/682953.html,4,197864,2025-11-12T11:12:39.000Z,2025-11-12T11:12:39.000Z,2581,75,2977,0
678148,03_图鉴词条,国服公测版本平衡性调整分析,https://www.gamekee.com/yise/678148.html,4,0,2025-09-24T08:20:26.000Z,2025-09-24T08:20:26.000Z,1345,31,1765,0
620285,03_图鉴词条,海因里希,https://www.gamekee.com/yise/620285.html,4,147929,2024-04-18T09:48:49.000Z,2025-08-21T09:55:12.000Z,2996,78,11714,0
645557,03_图鉴词条,酣梦一宵,https://www.gamekee.com/yise/645557.html,4,173809,2025-01-16T09:29:55.000Z,2025-08-18T08:40:13.000Z,2693,51,7637,0
620298,03_图鉴词条,赫尔基德,https://www.gamekee.com/yise/620298.html,4,147942,2024-04-18T10:16:49.000Z,2025-08-18T08:44:21.000Z,1895,76,10006,0
674003,03_图鉴词条,赫同,https://www.gamekee.com/yise/674003.html,4,189913,2025-08-13T15:21:00.000Z,2025-10-26T05:35:33.000Z,2854,75,9757,2
645088,03_图鉴词条,赫妍,https://www.gamekee.com/yise/645088.html,4,173145,2025-01-09T09:42:46.000Z,2025-08-18T08:51:07.000Z,2809,76,9269,0
620750,03_图鉴词条,黑旗,https://www.gamekee.com/yise/620750.html,4,148332,2024-04-24T02:29:02.000Z,2025-05-12T12:35:38.000Z,364,19,4323,0
660881,03_图鉴词条,胡狼卫士,https://www.gamekee.com/yise/660881.html,4,185724,2025-05-12T07:15:26.000Z,2025-08-18T08:57:20.000Z,525,39,5906,0
660884,03_图鉴词条,琥珀,https://www.gamekee.com/yise/660884.html,4,185726,2025-05-12T07:27:59.000Z,2025-08-25T05:06:01.000Z,537,39,4939,0
639283,03_图鉴词条,幻音千明,https://www.gamekee.com/yise/639283.html,4,168412,2024-10-25T02:39:21.000Z,2025-08-18T08:38:31.000Z,2374,51,6709,0
620751,03_图鉴词条,黄昏骑士,https://www.gamekee.com/yise/620751.html,4,148333,2024-04-24T02:31:04.000Z,2025-08-17T07:30:58.000Z,378,20,4905,0
694638,03_图鉴词条,吉安克,https://www.gamekee.com/yise/694638.html,4,207559,2026-02-25T12:25:24.000Z,2026-02-25T12:59:22.000Z,2922,83,1805,0
620795,03_图鉴词条,疾驰,https://www.gamekee.com/yise/620795.html,4,148372,2024-04-24T06:10:14.000Z,2025-05-12T13:52:18.000Z,162,13,4177,0
660961,03_图鉴词条,疾影强袭,https://www.gamekee.com/yise/660961.html,4,185755,2025-05-12T13:55:43.000Z,2025-05-12T13:55:43.000Z,126,11,3907,0
639298,03_图鉴词条,缄默法则,https://www.gamekee.com/yise/639298.html,4,168432,2024-10-25T03:51:33.000Z,2025-05-12T12:27:02.000Z,611,39,6635,0
645368,03_图鉴词条,匠,https://www.gamekee.com/yise/645368.html,4,173710,2025-01-14T06:59:41.000Z,2026-02-11T15:29:25.000Z,562,40,5464,0
620797,03_图鉴词条,金刚,https://www.gamekee.com/yise/620797.html,4,148374,2024-04-24T06:10:42.000Z,2025-05-12T13:44:26.000Z,163,12,4850,0
639300,03_图鉴词条,金狮子,https://www.gamekee.com/yise/639300.html,4,168433,2024-10-25T04:01:53.000Z,2025-08-17T07:28:33.000Z,596,40,6510,2
660952,03_图鉴词条,进化荫庇,https://www.gamekee.com/yise/660952.html,4,185745,2025-05-12T13:42:38.000Z,2025-05-12T13:42:38.000Z,128,9,4065,0
620798,03_图鉴词条,荆棘,https://www.gamekee.com/yise/620798.html,4,148375,2024-04-24T06:10:54.000Z,2025-05-12T13:45:41.000Z,167,12,5125,0
660956,03_图鉴词条,巨壁屏障,https://www.gamekee.com/yise/660956.html,4,185750,2025-05-12T13:51:09.000Z,2025-05-12T13:51:09.000Z,128,10,3588,0
620752,03_图鉴词条,军情蜥处,https://www.gamekee.com/yise/620752.html,4,148334,2024-04-24T02:38:24.000Z,2024-10-25T06:49:11.000Z,268,20,5094,0
620246,03_图鉴词条,卡奇,https://www.gamekee.com/yise/620246.html,4,147896,2024-04-18T08:58:49.000Z,2025-08-25T05:05:15.000Z,2783,29,7476,0
678658,03_图鉴词条,柯卡尔迪,https://www.gamekee.com/yise/678658.html,4,195443,2025-10-01T03:05:04.000Z,2025-10-02T11:53:12.000Z,2834,75,5988,0
620283,03_图鉴词条,柯洛罗,https://www.gamekee.com/yise/620283.html,4,147927,2024-04-18T09:40:49.000Z,2025-08-18T08:41:23.000Z,2864,77,9227,0
620229,03_图鉴词条,克拉肯,https://www.gamekee.com/yise/620229.html,4,147880,2024-04-18T08:46:49.000Z,2025-08-18T07:43:27.000Z,2733,52,6769,0
620235,03_图鉴词条,克洛斯,https://www.gamekee.com/yise/620235.html,4,147885,2024-04-18T08:50:49.000Z,2025-09-08T08:33:05.000Z,2864,78,11216,0
693379,03_图鉴词条,克索司,https://www.gamekee.com/yise/693379.html,4,205033,2026-02-11T14:11:49.000Z,2026-02-11T14:11:49.000Z,3240,75,2108,0
620834,03_图鉴词条,狂怒,https://www.gamekee.com/yise/620834.html,4,148458,2024-04-24T09:47:21.000Z,2025-05-12T13:26:48.000Z,162,13,5178,0
703532,03_图鉴词条,魁洛,https://www.gamekee.com/yise/703532.html,4,214045,2026-04-29T13:11:00.000Z,2026-04-29T13:47:08.000Z,2900,83,298,0
639288,03_图鉴词条,蝰蛇,https://www.gamekee.com/yise/639288.html,4,168415,2024-10-25T03:09:43.000Z,2025-08-18T08:38:50.000Z,2828,51,9066,0
639260,03_图鉴词条,梨梨,https://www.gamekee.com/yise/639260.html,4,168369,2024-10-24T08:07:06.000Z,2025-08-18T08:45:19.000Z,2639,76,19252,0
660877,03_图鉴词条,砺行阿凛,https://www.gamekee.com/yise/660877.html,4,185723,2025-05-12T06:52:44.000Z,2025-08-20T05:41:19.000Z,2848,49,4932,0
674460,03_图鉴词条,莉拉姆,https://www.gamekee.com/yise/674460.html,4,193351,2025-08-17T07:26:00.000Z,2025-08-18T08:55:44.000Z,2868,75,10227,0
620290,03_图鉴词条,莉莉斯,https://www.gamekee.com/yise/620290.html,4,147939,2024-04-18T10:06:49.000Z,2025-08-18T08:43:51.000Z,2516,78,10731,1
660865,03_图鉴词条,莉露摩卡,https://www.gamekee.com/yise/660865.html,4,185717,2025-05-12T04:37:22.000Z,2025-08-20T10:31:07.000Z,2864,75,8687,0
619780,03_图鉴词条,炼,https://www.gamekee.com/yise/619780.html,4,142898,2024-04-12T03:45:22.000Z,2025-08-18T08:42:43.000Z,2621,78,14622,0
619994,03_图鉴词条,炼_测试模版,https://www.gamekee.com/yise/619994.html,4,147689,2024-04-16T06:49:30.000Z,2024-04-18T02:23:37.000Z,0,7,578,0
660967,03_图鉴词条,临时,https://www.gamekee.com/yise/660967.html,4,185763,2025-05-12T13:59:07.000Z,2025-05-12T13:59:07.000Z,318,20,2248,0
701103,03_图鉴词条,凛心黛纳,https://www.gamekee.com/yise/701103.html,4,213080,2026-04-08T16:08:48.000Z,2026-04-09T13:41:28.000Z,2799,58,1017,0
660963,03_图鉴词条,灵子黑疫,https://www.gamekee.com/yise/660963.html,4,185756,2025-05-12T13:57:22.000Z,2025-05-12T13:57:22.000Z,129,9,3921,0
639265,03_图鉴词条,凌罗,https://www.gamekee.com/yise/639265.html,4,168372,2024-10-24T09:34:56.000Z,2025-08-18T08:44:47.000Z,2933,76,13293,0
620289,03_图鉴词条,胧,https://www.gamekee.com/yise/620289.html,4,147938,2024-04-18T10:02:49.000Z,2025-08-22T09:32:47.000Z,2816,52,8327,0
639252,03_图鉴词条,罗喉,https://www.gamekee.com/yise/639252.html,4,168368,2024-10-24T07:07:57.000Z,2025-08-18T08:45:03.000Z,2841,76,9653,0
684682,03_图鉴词条,罗魍,https://www.gamekee.com/yise/684682.html,4,199246,2025-12-03T15:35:54.000Z,2025-12-03T15:35:54.000Z,3008,75,3613,0
703540,03_图鉴词条,络薇,https://www.gamekee.com/yise/703540.html,4,214044,2026-04-29T13:39:19.000Z,2026-04-29T13:39:19.000Z,2744,83,483,0
660875,03_图鉴词条,马维尔,https://www.gamekee.com/yise/660875.html,4,185722,2025-05-12T06:37:21.000Z,2025-08-18T08:40:47.000Z,2740,49,6025,1
620279,03_图鉴词条,弥瑟亚,https://www.gamekee.com/yise/620279.html,4,147923,2024-04-18T09:26:49.000Z,2025-08-18T08:44:07.000Z,1929,77,13379,0
660874,03_图鉴词条,米娅,https://www.gamekee.com/yise/660874.html,4,185721,2025-05-12T06:19:02.000Z,2025-08-18T08:52:01.000Z,2878,74,8640,0
639284,03_图鉴词条,勉,https://www.gamekee.com/yise/639284.html,4,168413,2024-10-25T02:50:11.000Z,2025-08-18T08:39:05.000Z,2764,51,5063,0
665395,03_图鉴词条,渺渺,https://www.gamekee.com/yise/665395.html,4,188976,2025-06-06T09:14:44.000Z,2025-08-18T08:54:29.000Z,2779,75,10096,0
645483,03_图鉴词条,墨月,https://www.gamekee.com/yise/645483.html,4,173808,2025-01-15T12:09:34.000Z,2025-08-19T03:53:49.000Z,532,40,6419,0
674562,03_图鉴词条,拿鹤,https://www.gamekee.com/yise/674562.html,4,193385,2025-08-18T06:44:13.000Z,2025-08-18T07:09:35.000Z,2867,75,6534,0
708683,03_图鉴词条,纳伽兰,https://www.gamekee.com/yise/708683.html,4,217278,2026-06-12T08:56:52.000Z,2026-06-12T08:56:52.000Z,2921,83,115,0
682958,03_图鉴词条,奈薇忒,https://www.gamekee.com/yise/682958.html,4,197863,2025-11-12T11:36:09.000Z,2025-11-12T11:36:09.000Z,2848,75,3152,0
674452,03_图鉴词条,妮璐,https://www.gamekee.com/yise/674452.html,4,193350,2025-08-17T06:47:16.000Z,2025-08-22T09:22:52.000Z,2889,50,4674,0
675256,03_图鉴词条,宁芙涅,https://www.gamekee.com/yise/675256.html,4,193563,2025-08-26T10:01:42.000Z,2025-08-26T10:01:42.000Z,2721,75,7451,0
687309,03_图鉴词条,佩希思,https://www.gamekee.com/yise/687309.html,4,201437,2025-12-24T15:54:01.000Z,2025-12-30T18:30:17.000Z,2782,83,2172,0
620757,03_图鉴词条,歧路,https://www.gamekee.com/yise/620757.html,4,148336,2024-04-24T02:42:00.000Z,2025-05-12T13:19:55.000Z,395,19,5633,0
660883,03_图鉴词条,启示录,https://www.gamekee.com/yise/660883.html,4,185725,2025-05-12T07:20:34.000Z,2025-08-17T07:33:24.000Z,566,39,6240,0
620240,03_图鉴词条,千明,https://www.gamekee.com/yise/620240.html,4,147890,2024-04-18T08:54:49.000Z,2025-08-22T09:43:01.000Z,2754,52,9566,0
687307,03_图鉴词条,千羽,https://www.gamekee.com/yise/687307.html,4,201436,2025-12-24T15:33:27.000Z,2025-12-24T15:33:27.000Z,3045,83,3978,0
639293,03_图鉴词条,千兆字节,https://www.gamekee.com/yise/639293.html,4,168429,2024-10-25T03:30:48.000Z,2025-05-12T12:32:18.000Z,579,39,5888,0
620744,03_图鉴词条,前期角色推荐,https://www.gamekee.com/yise/620744.html,4,0,2024-04-24T02:21:30.000Z,2024-04-24T02:59:38.000Z,2101,72,23598,4
620759,03_图鉴词条,人鱼姬,https://www.gamekee.com/yise/620759.html,4,148337,2024-04-24T02:43:54.000Z,2025-05-12T13:23:48.000Z,314,20,4466,0
680764,03_图鉴词条,瑞玛丽,https://www.gamekee.com/yise/680764.html,4,196790,2025-10-22T11:38:00.000Z,2025-10-26T05:33:41.000Z,2818,75,5230,0
684676,03_图鉴词条,桑提克,https://www.gamekee.com/yise/684676.html,4,199247,2025-12-03T15:01:34.000Z,2025-12-03T15:01:34.000Z,3002,75,3164,0
705988,03_图鉴词条,莎朗,https://www.gamekee.com/yise/705988.html,4,216584,2026-05-21T12:23:33.000Z,2026-05-21T12:23:33.000Z,2838,83,407,0
639296,03_图鉴词条,山海经,https://www.gamekee.com/yise/639296.html,4,168431,2024-10-25T03:45:12.000Z,2025-05-12T12:36:07.000Z,373,18,4408,0
620251,03_图鉴词条,善雅,https://www.gamekee.com/yise/620251.html,4,147901,2024-04-18T09:00:49.000Z,2025-08-18T07:42:33.000Z,2812,52,9617,0
620257,03_图鉴词条,善雅_SSR,https://www.gamekee.com/yise/620257.html,4,147906,2024-04-18T09:04:49.000Z,2025-08-22T08:05:45.000Z,2740,77,11405,2
620799,03_图鉴词条,时光驾驭,https://www.gamekee.com/yise/620799.html,4,148376,2024-04-24T06:11:06.000Z,2025-05-12T13:54:51.000Z,168,13,5714,0
677072,03_图鉴词条,噬身之蛇,https://www.gamekee.com/yise/677072.html,4,194527,2025-09-12T06:45:00.000Z,2025-09-12T06:45:00.000Z,547,39,5495,0
620800,03_图鉴词条,收割,https://www.gamekee.com/yise/620800.html,4,148377,2024-04-24T06:11:18.000Z,2025-05-12T08:26:38.000Z,177,14,5050,0
620801,03_图鉴词条,戍卫,https://www.gamekee.com/yise/620801.html,4,148378,2024-04-24T06:11:30.000Z,2025-05-12T13:53:10.000Z,171,13,5018,0
678715,03_图鉴词条,水生绫,https://www.gamekee.com/yise/678715.html,4,195442,2025-10-01T16:57:02.000Z,2025-10-02T12:03:35.000Z,5888,79,6399,0
674006,03_图鉴词条,水月真,https://www.gamekee.com/yise/674006.html,4,189170,2025-08-13T16:11:30.000Z,2025-08-18T07:39:56.000Z,2673,50,5229,0
677070,03_图鉴词条,死神脚步,https://www.gamekee.com/yise/677070.html,4,194529,2025-09-12T06:27:25.000Z,2025-09-12T06:27:25.000Z,526,39,4956,0
620288,03_图鉴词条,缇亚马特,https://www.gamekee.com/yise/620288.html,4,147937,2024-04-18T09:58:49.000Z,2025-08-22T08:03:40.000Z,3530,79,16188,0
693387,03_图鉴词条,天才球手,https://www.gamekee.com/yise/693387.html,4,205040,2026-02-11T15:43:07.000Z,2026-02-11T15:43:07.000Z,560,39,1715,0
639311,03_图鉴词条,天角兽,https://www.gamekee.com/yise/639311.html,4,168435,2024-10-25T06:08:47.000Z,2025-08-19T03:55:26.000Z,592,40,6587,0
660868,03_图鉴词条,荼蘼,https://www.gamekee.com/yise/660868.html,4,185718,2025-05-12T05:00:34.000Z,2025-08-18T08:52:59.000Z,2660,74,12252,0
645365,03_图鉴词条,万圣节,https://www.gamekee.com/yise/645365.html,4,173709,2025-01-14T06:53:17.000Z,2025-05-12T12:33:30.000Z,528,39,5377,0
620287,03_图鉴词条,维克托,https://www.gamekee.com/yise/620287.html,4,147935,2024-04-18T09:56:49.000Z,2025-08-18T08:36:52.000Z,2777,52,6571,0
645156,03_图鉴词条,维罗妮卡,https://www.gamekee.com/yise/645156.html,4,173147,2025-01-10T09:37:15.000Z,2025-08-18T08:50:51.000Z,2782,76,11722,0
620760,03_图鉴词条,武道熊猫,https://www.gamekee.com/yise/620760.html,4,148338,2024-04-24T02:46:48.000Z,2025-05-12T13:23:22.000Z,335,20,4851,0
620292,03_图鉴词条,西比尔,https://www.gamekee.com/yise/620292.html,4,147940,2024-04-18T10:10:49.000Z,2025-08-18T07:39:24.000Z,2644,29,8582,0
708677,03_图鉴词条,西尔维娅,https://www.gamekee.com/yise/708677.html,4,217279,2026-06-12T08:22:44.000Z,2026-06-12T08:22:44.000Z,3051,83,73,0
680770,03_图鉴词条,希尔芙,https://www.gamekee.com/yise/680770.html,4,196791,2025-10-22T12:06:44.000Z,2025-10-22T12:06:44.000Z,2840,50,3710,0
645068,03_图鉴词条,席琳丝,https://www.gamekee.com/yise/645068.html,4,173146,2025-01-09T03:29:19.000Z,2025-08-18T08:50:12.000Z,2931,77,9420,0
620266,03_图鉴词条,夏妲,https://www.gamekee.com/yise/620266.html,4,147912,2024-04-18T09:08:49.000Z,2025-08-18T08:43:00.000Z,2797,78,15022,1
620761,03_图鉴词条,枭老师,https://www.gamekee.com/yise/620761.html,4,148339,2024-04-24T02:48:28.000Z,2025-05-11T05:22:47.000Z,269,19,4243,0
639315,03_图鉴词条,蝎尾女王,https://www.gamekee.com/yise/639315.html,4,168426,2024-10-25T06:16:55.000Z,2024-10-25T06:16:55.000Z,228,11,3493,0
639291,03_图鉴词条,缬草,https://www.gamekee.com/yise/639291.html,4,168416,2024-10-25T03:21:25.000Z,2025-08-22T09:26:55.000Z,2784,51,9499,0
639317,03_图鉴词条,星,https://www.gamekee.com/yise/639317.html,4,168424,2024-10-25T06:46:55.000Z,2025-05-12T13:24:15.000Z,310,19,3919,0
639294,03_图鉴词条,戌守卡奇,https://www.gamekee.com/yise/639294.html,4,168417,2024-10-25T03:31:56.000Z,2025-08-18T08:37:25.000Z,2853,51,7344,0
694654,03_图鉴词条,玄骊,https://www.gamekee.com/yise/694654.html,4,207558,2026-02-25T12:59:04.000Z,2026-02-25T12:59:04.000Z,3047,83,1990,0
701106,03_图鉴词条,玄骐,https://www.gamekee.com/yise/701106.html,4,213079,2026-04-08T16:50:06.000Z,2026-04-08T16:50:06.000Z,2891,83,1459,0
645384,03_图鉴词条,寻愿多乐丝,https://www.gamekee.com/yise/645384.html,4,173760,2025-01-14T09:38:46.000Z,2025-08-18T08:39:59.000Z,5389,58,5027,0
660966,03_图鉴词条,迅光天击,https://www.gamekee.com/yise/660966.html,4,185757,2025-05-12T13:58:35.000Z,2025-08-18T08:57:47.000Z,128,10,4910,0
620286,03_图鉴词条,炀,https://www.gamekee.com/yise/620286.html,4,147934,2024-04-18T09:52:49.000Z,2025-08-18T07:43:06.000Z,2746,52,7799,0
668709,03_图鉴词条,夜离,https://www.gamekee.com/yise/668709.html,4,189901,2025-07-02T08:57:56.000Z,2025-08-22T14:59:14.000Z,2737,74,12306,1
677063,03_图鉴词条,寅虎,https://www.gamekee.com/yise/677063.html,4,194528,2025-09-12T06:18:54.000Z,2025-09-12T06:18:54.000Z,558,39,5759,0
620803,03_图鉴词条,涌泉,https://www.gamekee.com/yise/620803.html,4,148381,2024-04-24T06:11:55.000Z,2025-05-12T13:40:42.000Z,166,11,4365,0
620764,03_图鉴词条,玉藻童子,https://www.gamekee.com/yise/620764.html,4,148341,2024-04-24T02:51:51.000Z,2025-05-12T13:22:33.000Z,332,20,4495,0
620796,03_图鉴词条,浴血之躯,https://www.gamekee.com/yise/620796.html,4,148373,2024-04-24T06:10:29.000Z,2025-05-12T13:48:51.000Z,176,12,4956,0
693384,03_图鉴词条,月魄灵兔,https://www.gamekee.com/yise/693384.html,4,205038,2026-02-11T15:04:01.000Z,2026-02-11T15:30:27.000Z,615,39,1617,0
660869,03_图鉴词条,月夜见,https://www.gamekee.com/yise/660869.html,4,185719,2025-05-12T05:25:05.000Z,2025-08-21T09:43:48.000Z,2786,74,9720,0
620804,03_图鉴词条,战意,https://www.gamekee.com/yise/620804.html,4,148382,2024-04-24T06:12:10.000Z,2025-05-12T13:56:29.000Z,167,12,5641,0
620756,03_图鉴词条,真理,https://www.gamekee.com/yise/620756.html,4,148343,2024-04-24T02:41:55.000Z,2025-05-11T05:26:44.000Z,309,21,4609,0
620805,03_图鉴词条,治愈,https://www.gamekee.com/yise/620805.html,4,148383,2024-04-24T06:12:23.000Z,2025-05-12T13:41:29.000Z,156,11,4801,0
675952,03_图鉴词条,自机角色全buff相关,https://www.gamekee.com/yise/675952.html,4,193858,2025-09-02T02:40:00.000Z,2025-09-02T03:11:14.000Z,2820,87,6867,0
639310,03_图鉴词条,钻石之心,https://www.gamekee.com/yise/639310.html,4,168434,2024-10-25T06:04:37.000Z,2025-08-17T07:31:35.000Z,365,19,4295,0
660885,03_图鉴词条,最强音,https://www.gamekee.com/yise/660885.html,4,185727,2025-05-12T07:31:17.000Z,2025-05-12T12:34:04.000Z,523,38,4573,0
620224,03_图鉴词条,RC-77,https://www.gamekee.com/yise/620224.html,4,147875,2024-04-18T08:42:49.000Z,2025-08-22T09:54:33.000Z,2872,52,7401,0
675303,04_新手开荒,《莎朗》副本-保姆级新手教学,https://www.gamekee.com/yise/675303.html,4,193585,2025-08-27T03:08:52.000Z,2025-08-27T14:05:57.000Z,0,16,5949,1
645547,04_新手开荒,【伊瑟】【入坑】 一份比较全面的萌新入坑指南,https://www.gamekee.com/yise/645547.html,4,148362,2025-01-16T08:28:24.000Z,2025-01-22T06:19:20.000Z,7380,38,35547,5
678048,04_新手开荒,【伊瑟】新手RTA入门指南,https://www.gamekee.com/yise/678048.html,4,0,2025-09-23T04:16:36.000Z,2025-09-23T04:16:36.000Z,0,7,1556,0
675272,04_新手开荒,【伊瑟】新手SSR&SR异格者推荐,https://www.gamekee.com/yise/675272.html,4,193573,2025-08-26T13:44:47.000Z,2025-08-26T15:07:55.000Z,24,14,11195,0
672483,04_新手开荒,白嫖/低氪玩家开荒规划及攻略__写给计划入坑国服的萌新0904更新,https://www.gamekee.com/yise/672483.html,4,192107,2025-07-31T16:27:32.000Z,2025-09-04T16:15:36.000Z,4312,67,24547,7
676053,04_新手开荒,国际服开荒日记,https://www.gamekee.com/yise/676053.html,4,0,2025-09-03T05:03:38.000Z,2025-09-22T11:30:52.000Z,6565,89,4502,3
677252,04_新手开荒,开荒普池抽卡一图流,https://www.gamekee.com/yise/677252.html,4,0,2025-09-13T14:07:15.000Z,2025-09-13T14:07:15.000Z,31,7,1053,0
678202,04_新手开荒,开荒前7天攻略一图流,https://www.gamekee.com/yise/678202.html,4,0,2025-09-25T00:48:21.000Z,2025-09-25T00:50:51.000Z,33,10,2211,0
675316,04_新手开荒,炼狱津 新手教学,https://www.gamekee.com/yise/675316.html,4,0,2025-08-27T05:11:02.000Z,2025-08-27T05:11:02.000Z,20,7,539,1
675573,04_新手开荒,新手PVE开荒攻略,https://www.gamekee.com/yise/675573.html,4,193643,2025-08-29T04:16:49.000Z,2025-08-29T06:31:02.000Z,3280,15,19196,0
675321,04_新手开荒,一条帖子教你速通多琪全难度❗️,https://www.gamekee.com/yise/675321.html,4,193578,2025-08-27T05:51:22.000Z,2025-08-27T11:40:00.000Z,1472,33,9542,0
678203,04_新手开荒,伊瑟国服开荒PVE节奏榜，和开荒角色养成推荐,https://www.gamekee.com/yise/678203.html,4,0,2025-09-25T00:53:38.000Z,2025-09-25T00:53:38.000Z,48,10,2949,0
697075,04_新手开荒,PVE自助组队指南,https://www.gamekee.com/yise/697075.html,4,210607,2026-03-10T16:38:38.000Z,2026-03-31T19:51:09.000Z,7074,29,2005,0
678030,04_新手开荒,PVP,https://www.gamekee.com/yise/678030.html,4,0,2025-09-22T16:24:34.000Z,2025-09-25T01:46:01.000Z,1381,81,3726,0
671001,04_新手开荒,Re:从零开始的异格者生活（自建开荒入门攻略）,https://www.gamekee.com/yise/671001.html,4,192022,2025-07-20T22:35:30.000Z,2026-06-11T17:04:10.000Z,6750,23,29173,3
677418,05_副本玩法,【搬运】伤害计算公式,https://www.gamekee.com/yise/677418.html,4,0,2025-09-16T03:44:07.000Z,2025-09-22T11:00:24.000Z,3230,43,4869,0
676046,05_副本玩法,【竞技试炼】任务一览,https://www.gamekee.com/yise/676046.html,4,193898,2025-09-03T03:18:23.000Z,2025-10-02T13:46:20.000Z,312,15,4241,0
676043,05_副本玩法,【委托记事】任务一览,https://www.gamekee.com/yise/676043.html,4,193894,2025-09-03T03:13:34.000Z,2025-09-25T07:36:06.000Z,397,29,4490,0
675221,05_副本玩法,【重构兵祸】通关攻略.内含机制详解.低配兜底.高配替换,https://www.gamekee.com/yise/675221.html,4,193551,2025-08-26T04:59:04.000Z,2025-08-26T06:12:27.000Z,5059,123,13920,0
684169,05_副本玩法,💗心渊梦境💗全阶段建议&攻略，请放心食用^_^,https://www.gamekee.com/yise/684169.html,4,0,2025-11-27T15:25:36.000Z,2025-11-27T15:25:36.000Z,1438,22,1415,0
668705,05_副本玩法,奥洛拉副本攻略-7.23更新速刷,https://www.gamekee.com/yise/668705.html,4,189898,2025-07-02T08:38:34.000Z,2025-07-23T07:22:39.000Z,2463,22,8155,0
678192,05_副本玩法,幻音剧场攻略,https://www.gamekee.com/yise/678192.html,4,142923,2025-09-24T15:30:45.000Z,2025-09-25T15:59:44.000Z,0,17,4513,0
675968,05_副本玩法,炼【异格命途】任务一览,https://www.gamekee.com/yise/675968.html,4,193895,2025-09-02T05:53:36.000Z,2025-09-25T07:24:32.000Z,468,21,7929,0
675313,05_副本玩法,炼狱津-噩梦、地狱、炼狱攻略,https://www.gamekee.com/yise/675313.html,4,193587,2025-08-27T04:31:03.000Z,2025-08-27T08:17:04.000Z,930,31,7035,0
677568,05_副本玩法,前期要培养的辅助角色,https://www.gamekee.com/yise/677568.html,4,0,2025-09-18T05:29:11.000Z,2025-09-28T02:31:34.000Z,2351,79,2973,0
678194,05_副本玩法,无限列车攻略,https://www.gamekee.com/yise/678194.html,4,142924,2025-09-24T15:32:03.000Z,2025-09-25T16:01:16.000Z,0,17,4622,0
678195,05_副本玩法,心渊梦境攻略,https://www.gamekee.com/yise/678195.html,4,142921,2025-09-24T15:32:20.000Z,2025-09-25T15:54:31.000Z,0,18,5270,0
678430,05_副本玩法,凶影追缉-诡饲鸦主·柯洛罗BOSS攻略,https://www.gamekee.com/yise/678430.html,4,0,2025-09-27T08:28:18.000Z,2025-09-27T08:28:18.000Z,808,15,5618,0
678193,05_副本玩法,虚烬探索打法攻略（月塔）,https://www.gamekee.com/yise/678193.html,4,142926,2025-09-24T15:31:17.000Z,2025-09-25T16:00:22.000Z,0,21,10650,5
678424,05_副本玩法,伊瑟游玩技巧小贴士②,https://www.gamekee.com/yise/678424.html,4,195859,2025-09-27T07:54:00.000Z,2025-10-11T03:11:36.000Z,755,23,3470,0
678426,05_副本玩法,伊瑟游玩技巧小贴士④,https://www.gamekee.com/yise/678426.html,4,195861,2025-09-27T08:12:08.000Z,2025-10-11T03:11:58.000Z,950,14,4153,0
678196,05_副本玩法,源网攻略,https://www.gamekee.com/yise/678196.html,4,142927,2025-09-24T15:32:37.000Z,2025-09-25T16:00:05.000Z,0,19,8584,5
678428,05_副本玩法,资源副本潜能激活材料的速通阵容推荐,https://www.gamekee.com/yise/678428.html,4,0,2025-09-27T08:24:30.000Z,2025-09-27T08:24:30.000Z,1893,19,2267,0
677333,05_副本玩法,PVE辅助角色,https://www.gamekee.com/yise/677333.html,4,0,2025-09-15T04:11:31.000Z,2025-09-21T09:44:53.000Z,1940,148,1670,0
675301,06_装备智壳,【伊瑟】芙蕾雅T0辅助养成智壳源器全方位攻略解析,https://www.gamekee.com/yise/675301.html,4,193588,2025-08-27T03:08:08.000Z,2025-08-27T06:29:39.000Z,1120,40,11810,0
685022,06_装备智壳,【伊瑟】罗魍 “总指挥官”的配装搭配思路&建议^_^,https://www.gamekee.com/yise/685022.html,4,0,2025-12-08T09:48:46.000Z,2025-12-08T10:08:38.000Z,1362,16,1993,0
676045,06_装备智壳,【源器改研】任务一览,https://www.gamekee.com/yise/676045.html,4,193897,2025-09-03T03:16:10.000Z,2025-09-25T07:37:53.000Z,318,29,4297,0
676044,06_装备智壳,【智壳调谐】任务一览,https://www.gamekee.com/yise/676044.html,4,193896,2025-09-03T03:14:51.000Z,2025-09-25T07:39:07.000Z,365,24,4931,0
683417,06_装备智壳,🌟源器重塑🌟【改异】&【调频】制作建议💗,https://www.gamekee.com/yise/683417.html,4,0,2025-11-18T07:45:31.000Z,2025-11-18T07:45:31.000Z,1239,14,2320,0
683418,06_装备智壳,🌟智壳特研所🌟规则介绍&注意事项&定制智壳推荐建议^_^,https://www.gamekee.com/yise/683418.html,4,0,2025-11-18T07:50:14.000Z,2025-11-18T07:50:14.000Z,1237,17,2261,0
678043,06_装备智壳,技改,https://www.gamekee.com/yise/678043.html,4,0,2025-09-23T03:30:57.000Z,2025-09-23T03:30:57.000Z,496,24,1636,0
677340,06_装备智壳,逆翎,https://www.gamekee.com/yise/677340.html,4,194647,2025-09-15T05:54:37.000Z,2025-10-26T05:34:37.000Z,3179,75,11031,2
677619,06_装备智壳,逆翎养成攻略,https://www.gamekee.com/yise/677619.html,4,195281,2025-09-18T12:50:24.000Z,2025-09-28T08:45:08.000Z,1181,31,15474,0
672660,06_装备智壳,三源器副本一图流便携攻略1.0,https://www.gamekee.com/yise/672660.html,4,0,2025-08-01T15:16:18.000Z,2025-08-10T15:21:05.000Z,298,7,1844,0
619854,06_装备智壳,万魔法典,https://www.gamekee.com/yise/619854.html,4,147551,2024-04-12T10:01:35.000Z,2025-08-19T04:09:58.000Z,598,40,7950,0
677786,06_装备智壳,新智壳--四个新智壳的评测,https://www.gamekee.com/yise/677786.html,4,0,2025-09-20T02:01:03.000Z,2025-09-20T02:30:50.000Z,3430,40,2538,0
673723,06_装备智壳,伊瑟智壳本炼狱难度便携攻略1.0版,https://www.gamekee.com/yise/673723.html,4,0,2025-08-10T15:14:30.000Z,2025-08-10T15:20:40.000Z,83,7,994,0
672683,06_装备智壳,智壳源器低配攻略,https://www.gamekee.com/yise/672683.html,4,192169,2025-08-01T17:16:20.000Z,2026-04-25T18:51:16.000Z,5158,28,12959,0
678197,06_装备智壳,智壳总动员科普,https://www.gamekee.com/yise/678197.html,4,142925,2025-09-24T15:33:00.000Z,2025-09-25T16:00:39.000Z,0,17,4073,0
669045,06_装备智壳,装备属性选择,https://www.gamekee.com/yise/669045.html,4,190100,2025-07-04T03:29:54.000Z,2025-08-13T02:46:09.000Z,1080,19,8830,0
677225,06_装备智壳,Buff图标,https://www.gamekee.com/yise/677225.html,4,0,2025-09-13T08:38:24.000Z,2025-09-13T09:09:33.000Z,70,35,710,0
677230,06_装备智壳,PVE智壳,https://www.gamekee.com/yise/677230.html,4,0,2025-09-13T09:50:17.000Z,2025-09-16T01:30:40.000Z,111,37,909,0
685809,07_攻略评测,【伊瑟】杜兰铎·觉醒养成攻略,https://www.gamekee.com/yise/685809.html,4,0,2025-12-15T11:08:28.000Z,2025-12-15T11:08:28.000Z,1044,9,1634,0
689987,07_攻略评测,【伊瑟】斐莫莉安养成攻略,https://www.gamekee.com/yise/689987.html,4,0,2026-01-15T08:48:38.000Z,2026-01-15T08:48:38.000Z,1313,12,1940,0
689760,07_攻略评测,【伊瑟】拂秋养成攻略,https://www.gamekee.com/yise/689760.html,4,0,2026-01-14T10:05:12.000Z,2026-01-16T08:20:21.000Z,1117,12,1722,0
694773,07_攻略评测,【伊瑟】吉安克养成攻略,https://www.gamekee.com/yise/694773.html,4,0,2026-02-26T08:06:12.000Z,2026-02-26T11:19:36.000Z,1067,12,1885,0
685541,07_攻略评测,【伊瑟】罗魍养成攻略,https://www.gamekee.com/yise/685541.html,4,202231,2025-12-12T14:15:12.000Z,2025-12-30T18:54:53.000Z,1266,31,3166,0
688994,07_攻略评测,【伊瑟】佩希思养成攻略,https://www.gamekee.com/yise/688994.html,4,0,2026-01-07T03:31:31.000Z,2026-01-07T07:10:25.000Z,1067,12,2100,0
688993,07_攻略评测,【伊瑟】千羽养成攻略,https://www.gamekee.com/yise/688993.html,4,0,2026-01-07T03:27:51.000Z,2026-01-07T07:10:17.000Z,1045,12,2825,0
685537,07_攻略评测,【伊瑟】桑提克养成攻略,https://www.gamekee.com/yise/685537.html,4,202230,2025-12-12T14:10:28.000Z,2025-12-30T18:53:14.000Z,1047,31,2248,0
685808,07_攻略评测,【伊瑟】善雅·觉醒养成攻略,https://www.gamekee.com/yise/685808.html,4,0,2025-12-15T11:03:51.000Z,2025-12-15T11:03:51.000Z,939,9,2505,0
675366,07_攻略评测,【伊瑟】凶影追缉-阿帕忒-参考攻略,https://www.gamekee.com/yise/675366.html,4,193580,2025-08-27T10:51:51.000Z,2025-08-27T14:10:41.000Z,804,25,4743,0
675364,07_攻略评测,【伊瑟】凶影追缉-暗渡者-参考攻略,https://www.gamekee.com/yise/675364.html,4,193582,2025-08-27T10:47:46.000Z,2025-08-27T14:10:52.000Z,766,26,3610,0
675369,07_攻略评测,【伊瑟】凶影追缉-菲彼安-参考攻略,https://www.gamekee.com/yise/675369.html,4,193583,2025-08-27T10:56:24.000Z,2025-08-27T14:06:21.000Z,1194,27,4973,0
675370,07_攻略评测,【伊瑟】凶影追缉-惠特妮-参考攻略,https://www.gamekee.com/yise/675370.html,4,193581,2025-08-27T10:57:47.000Z,2025-08-27T14:06:11.000Z,911,27,4311,0
675368,07_攻略评测,【伊瑟】凶影追缉-库卢鲁-参考攻略,https://www.gamekee.com/yise/675368.html,4,193584,2025-08-27T10:54:37.000Z,2025-08-27T14:06:30.000Z,716,26,4353,0
675362,07_攻略评测,【伊瑟】凶影追缉-亚克-参考攻略,https://www.gamekee.com/yise/675362.html,4,193586,2025-08-27T10:45:11.000Z,2025-08-27T14:11:00.000Z,574,26,3468,0
694774,07_攻略评测,【伊瑟】玄骊养成攻略,https://www.gamekee.com/yise/694774.html,4,0,2026-02-26T08:09:26.000Z,2026-02-26T08:09:26.000Z,1091,12,2125,0
685810,07_攻略评测,【伊瑟】RC-77·觉醒养成攻略,https://www.gamekee.com/yise/685810.html,4,0,2025-12-15T11:12:33.000Z,2025-12-15T11:12:33.000Z,1343,9,2948,0
619789,07_攻略评测,【伊瑟】WIKI攻略招募,https://www.gamekee.com/yise/619789.html,4,142907,2024-04-12T06:07:59.000Z,2025-05-30T07:11:14.000Z,929,18,17410,0
639264,07_攻略评测,【伊瑟攻略组】【源质测试】攻略组招募&新攻略有奖征集ing 戳进来啦~！,https://www.gamekee.com/yise/639264.html,4,0,2024-10-24T09:30:19.000Z,2025-07-30T07:04:33.000Z,1652,9,3102,0
679569,07_攻略评测,暗笼激斗攻略,https://www.gamekee.com/yise/679569.html,4,195934,2025-10-13T15:38:19.000Z,2025-10-13T15:38:32.000Z,0,18,4899,1
675314,07_攻略评测,奥洛拉攻略,https://www.gamekee.com/yise/675314.html,4,193579,2025-08-27T04:38:35.000Z,2025-08-27T06:32:10.000Z,962,29,6353,1
678801,07_攻略评测,贝兹比养成攻略,https://www.gamekee.com/yise/678801.html,4,0,2025-10-02T14:00:42.000Z,2025-10-02T14:00:42.000Z,862,12,1975,0
675284,07_攻略评测,谛听PVE养成攻略,https://www.gamekee.com/yise/675284.html,4,193574,2025-08-26T15:38:40.000Z,2025-08-26T15:43:44.000Z,956,30,9190,0
668697,07_攻略评测,多琪本攻略,https://www.gamekee.com/yise/668697.html,4,189897,2025-07-02T06:48:59.000Z,2025-07-03T03:23:24.000Z,3029,20,10317,1
675604,07_攻略评测,二重典贷——宁芙涅 全面测评&攻略,https://www.gamekee.com/yise/675604.html,4,193651,2025-08-29T07:43:28.000Z,2025-08-29T09:17:45.000Z,1693,45,8506,0
677616,07_攻略评测,绯月鞠养成攻略,https://www.gamekee.com/yise/677616.html,4,0,2025-09-18T12:22:33.000Z,2025-09-18T12:22:33.000Z,1122,12,811,0
683357,07_攻略评测,光狩谛听养成攻略,https://www.gamekee.com/yise/683357.html,4,198014,2025-11-17T13:57:21.000Z,2025-12-08T09:04:02.000Z,1149,31,3356,0
679604,07_攻略评测,国服马上就要出的炫音律动可以出一期攻略吗？或者文字描述一下也行，感谢攻略大佬们,https://www.gamekee.com/yise/679604.html,17,0,2025-10-14T06:54:14.000Z,2025-10-14T06:54:14.000Z,39,6,2630,0
676257,07_攻略评测,幻音千明PVE养成攻略,https://www.gamekee.com/yise/676257.html,4,194195,2025-09-04T12:27:57.000Z,2025-09-08T07:28:40.000Z,727,30,4607,0
676135,07_攻略评测,精简版——PVE节奏榜一图流,https://www.gamekee.com/yise/676135.html,4,193987,2025-09-03T15:55:57.000Z,2025-09-04T06:37:06.000Z,204,12,18816,2
678705,07_攻略评测,柯卡尔迪养成攻略,https://www.gamekee.com/yise/678705.html,4,195499,2025-10-01T15:01:19.000Z,2025-10-02T11:31:01.000Z,1148,31,12177,1
675689,07_攻略评测,克洛斯PVE养成攻略,https://www.gamekee.com/yise/675689.html,4,193693,2025-08-30T07:09:52.000Z,2025-08-30T11:18:49.000Z,1213,30,6858,0
675637,07_攻略评测,莉拉姆PVE养成攻略,https://www.gamekee.com/yise/675637.html,4,193692,2025-08-29T13:19:24.000Z,2025-08-30T11:18:34.000Z,1005,30,13938,4
675768,07_攻略评测,莉露摩卡PVE养成攻略,https://www.gamekee.com/yise/675768.html,4,193742,2025-08-31T07:59:29.000Z,2025-08-31T11:34:48.000Z,1132,30,5912,0
675602,07_攻略评测,笼潮——贝兹比 全面测评&攻略,https://www.gamekee.com/yise/675602.html,4,193652,2025-08-29T07:23:45.000Z,2025-08-29T09:17:37.000Z,1839,46,6109,0
675994,07_攻略评测,罗喉PVE养成攻略,https://www.gamekee.com/yise/675994.html,4,193891,2025-09-02T09:20:14.000Z,2025-09-03T03:39:54.000Z,886,30,6927,0
683085,07_攻略评测,奈薇忒养成攻略,https://www.gamekee.com/yise/683085.html,4,198013,2025-11-13T16:01:32.000Z,2025-12-08T09:03:50.000Z,1254,31,3870,0
678802,07_攻略评测,宁芙涅养成攻略,https://www.gamekee.com/yise/678802.html,4,0,2025-10-02T14:03:01.000Z,2025-10-02T14:03:01.000Z,872,12,2903,0
620742,07_攻略评测,配队推荐,https://www.gamekee.com/yise/620742.html,4,0,2024-04-24T02:14:23.000Z,2025-01-22T06:19:20.000Z,1171,31,13027,1
675281,07_攻略评测,全角色PVE节奏榜一图流,https://www.gamekee.com/yise/675281.html,4,193572,2025-08-26T14:49:33.000Z,2025-08-27T02:04:53.000Z,266,16,14084,0
680989,07_攻略评测,瑞玛丽养成攻略,https://www.gamekee.com/yise/680989.html,4,0,2025-10-23T21:50:08.000Z,2025-10-27T07:09:35.000Z,1363,12,5466,0
678704,07_攻略评测,水生绫养成攻略,https://www.gamekee.com/yise/678704.html,4,195500,2025-10-01T14:55:14.000Z,2025-10-02T11:31:12.000Z,1065,31,11384,0
675883,07_攻略评测,荼蘼PVE养成攻略,https://www.gamekee.com/yise/675883.html,4,193857,2025-09-01T10:45:41.000Z,2025-09-02T02:37:36.000Z,1012,30,5986,0
680990,07_攻略评测,希尔芙养成攻略,https://www.gamekee.com/yise/680990.html,4,0,2025-10-23T21:53:37.000Z,2025-10-27T07:09:47.000Z,1093,12,2388,0
676057,07_攻略评测,缬草PVE养成攻略,https://www.gamekee.com/yise/676057.html,4,193988,2025-09-03T05:53:43.000Z,2025-09-04T06:44:18.000Z,1018,30,11106,0
674742,07_攻略评测,凶影追缉 - 赫妍攻略,https://www.gamekee.com/yise/674742.html,4,193443,2025-08-20T05:25:23.000Z,2025-08-20T05:26:28.000Z,88,19,8152,0
674689,07_攻略评测,凶影追缉-尼可娜娜攻略,https://www.gamekee.com/yise/674689.html,4,193437,2025-08-19T13:02:34.000Z,2025-08-20T06:29:26.000Z,79,19,6973,0
679983,07_攻略评测,炫音律动 怎么玩，有攻略和说明吗,https://www.gamekee.com/yise/679983.html,17,0,2025-10-16T01:59:47.000Z,2025-10-16T01:59:47.000Z,16,5,2802,0
675161,07_攻略评测,伊瑟！全角色！节奏榜！持续更新！,https://www.gamekee.com/yise/675161.html,4,193540,2025-08-25T07:33:09.000Z,2025-08-25T11:34:22.000Z,226,14,52238,5
677572,07_攻略评测,伊瑟公测PVE节奏榜一图流,https://www.gamekee.com/yise/677572.html,4,0,2025-09-18T06:22:09.000Z,2025-09-23T03:42:25.000Z,103,10,980,0
677588,07_攻略评测,伊瑟公测PVP强度榜一图流,https://www.gamekee.com/yise/677588.html,4,0,2025-09-18T09:08:51.000Z,2025-09-23T11:04:51.000Z,56,10,1133,0
678423,07_攻略评测,伊瑟异能英雄养成小贴士①,https://www.gamekee.com/yise/678423.html,4,195858,2025-09-27T07:47:40.000Z,2025-10-11T03:11:26.000Z,1306,17,4138,0
678431,07_攻略评测,伊瑟PVP之RTA阵容推荐和搭配,https://www.gamekee.com/yise/678431.html,4,195863,2025-09-27T08:32:41.000Z,2025-11-18T08:20:31.000Z,2037,18,8646,0
675001,07_攻略评测,永夜明火——夜离测评攻略,https://www.gamekee.com/yise/675001.html,4,193523,2025-08-23T01:12:13.000Z,2025-08-23T08:38:26.000Z,1883,43,18713,1
668684,07_攻略评测,重构兵祸攻略,https://www.gamekee.com/yise/668684.html,4,189896,2025-07-02T05:01:10.000Z,2025-07-03T03:22:36.000Z,2736,17,10483,0
665794,08_图鉴资料,兑换码,https://www.gamekee.com/yise/665794.html,4,189091,2025-06-10T07:36:47.000Z,2025-09-25T13:56:12.000Z,179,16,23440,6
678191,08_图鉴资料,冠军预言家科普,https://www.gamekee.com/yise/678191.html,4,142922,2025-09-24T15:29:07.000Z,2025-09-25T16:01:04.000Z,0,17,3905,0
679365,08_图鉴资料,骇影迷踪科普,https://www.gamekee.com/yise/679365.html,4,195856,2025-10-10T15:22:55.000Z,2025-10-10T15:23:05.000Z,0,17,3589,0
678384,08_图鉴资料,幻方奇缘科普,https://www.gamekee.com/yise/678384.html,4,195216,2025-09-26T15:58:29.000Z,2025-09-26T15:59:29.000Z,0,17,3808,0
679814,09_社区帖子,什么时候开S6新区啊，是每周四开新区吗，上一次还是10月9号.,https://www.gamekee.com/yise/679814.html,17,0,2025-10-15T06:05:21.000Z,2025-10-15T06:05:21.000Z,31,5,2781,1
683519,99_未分类,登录bug,https://www.gamekee.com/yise/683519.html,4,0,2025-11-19T11:19:17.000Z,2025-11-19T11:19:17.000Z,23,6,408,0
676726,99_未分类,海因里希能当主C吗,https://www.gamekee.com/yise/676726.html,17,0,2025-09-10T01:44:30.000Z,2025-09-10T01:44:30.000Z,9,5,899,0
693312,99_未分类,克索思,https://www.gamekee.com/yise/693312.html,17,0,2026-02-11T05:43:56.000Z,2026-02-11T05:43:56.000Z,3,6,1285,0
